FID,ogc_fid,id,@id,addr:city,addr:housenumber,addr:street,brand,brand:wikidata,building,building:levels,contact:phone,email,guest_house,height,int_name,internet_access,internet_access:fee,landuse,name,name:en,name:kk,name:ru,note,official_name,opening_hours,operator,phone,rooms,source,stars,tourism,website,wheelchair,geometry
export.1,1,way/334511755,way/334511755,,20,берег озера Щучье,Rixos Hotels,Q6075716,yes,4,,,,,,,,,Риксос Боровое,,,,,,,,,,,,hotel,https://borovoe-ru.rixos.com/,,"POLYGON ((70.2407266 52.9739749, 70.2406695 52.9739484, 70.2406372 52.9739095, 70.2406361 52.973866, 70.2406665 52.9738266, 70.2407223 52.973799, 70.2407924 52.9737887, 70.240863 52.9737978, 70.2416215 52.9739957, 70.2417633 52.9739858, 70.242235 52.9737655, 70.2423413 52.9737158, 70.2423821 52.9737043, 70.2424266 52.9737002, 70.2424712 52.9737038, 70.2425124 52.9737148, 70.2425467 52.9737323, 70.2425716 52.9737549, 70.2425848 52.9737808, 70.2425855 52.9738079, 70.2425735 52.973834, 70.2425497 52.973857, 70.2425162 52.9738751, 70.2424161 52.9739219, 70.2419553 52.9741371, 70.2419076 52.9742076, 70.2419998 52.9746424, 70.2419959 52.9746758, 70.2419742 52.9747066, 70.2419371 52.9747315, 70.2418885 52.9747478, 70.2418338 52.9747536, 70.2417789 52.9747484, 70.2417298 52.9747327, 70.2416919 52.9747083, 70.2416692 52.9746777, 70.2415702 52.9742284, 70.241507 52.9741789, 70.2407266 52.9739749))"
export.2,2,way/404240722,way/404240722,,1/2,Астана-Кокшетау,,,yes,,,,,,,,,,Кен Дала,Ken Dala,,Кен Дала,,,,,,,,,motel,,,"POLYGON ((70.1980631 52.9009995, 70.197933 52.9011193, 70.198069 52.901173, 70.1980306 52.9012084, 70.1979026 52.9013262, 70.1977169 52.9012528, 70.1981404 52.9008628, 70.1986124 52.9010493, 70.1984853 52.9011663, 70.1980631 52.9009995))"
export.3,3,way/713030390,way/713030390,аул Сарыбулак,24,Жайлау,,,yes,,,,guest_house,,,,,,Виктория+,,,,,,,,+7 (71636) 5–95–95,4,,,guest_house,,,"POLYGON ((70.3535826 53.0235937, 70.3536419 53.0235439, 70.3534981 53.0234742, 70.3535878 53.0234203, 70.3536109 53.0234296, 70.3536712 53.0233896, 70.353682 53.0233961, 70.3537454 53.0233561, 70.3537611 53.023365, 70.3538302 53.0233062, 70.3539742 53.023417, 70.3539051 53.0234655, 70.3539512 53.0234932, 70.3537266 53.023656, 70.3535826 53.0235937))"
export.4,4,way/1060049052,way/1060049052,Бурабай,44,улица Кенесары,Grand Prix,,apartments,,,,,,,wlan,no,,Grand Prix Burabay,,,,карты osm до 2019 года. требуется обновление карт,,,,+77772226979,11,gps;survey;local knowledge;osm notes;streetlevel imagery,,hotel,https://grandprixclub.kz/,,"POLYGON ((70.304377 53.0794284, 70.3046798 53.0787077, 70.3047329 53.0785971, 70.3051187 53.0786482, 70.3047471 53.0794816, 70.304377 53.0794284))"
export.5,5,way/1118897297,way/1118897297,Щучинский,3/1,Зелёная улица,,,hotel,4,+7 705 6125222,,,9,,,,,Orman ski,Orman ski,,,,,,,,,,,hotel,,,"POLYGON ((70.2021831 53.0128002, 70.2022954 53.012892, 70.202197 53.0129356, 70.2022434 53.0129735, 70.201903 53.0131241, 70.2017444 53.0129943, 70.2021831 53.0128002))"
export.6,6,way/1157585171,way/1157585171,,,,,,,,,,,,,,,recreation_ground,,,,,,,,,,,,,guest_house,,,"POLYGON ((70.3090527 53.083871, 70.3083194 53.0838229, 70.3090773 53.0823239, 70.3092807 53.0819612, 70.3104207 53.0822166, 70.3100633 53.0826607, 70.3097367 53.0825164, 70.3090527 53.083871))"
export.7,7,node/447845715,node/447845715,,,,,,,,,,,,,,,,ГК Беркуты,,,,,,,,,,,,hotel,,,POINT (70.5376425 52.8892705)
export.8,8,node/494780299,node/494780299,,,,,,,,,,,,Maybalıq,,,,Майбалық,,Майбалық,Майбалык,,,,,,,,,hotel,,,POINT (70.28069 53.1333336)
export.9,9,node/506870996,node/506870996,,,,,,,,,,,,,,,,Бура,,,,,,,,,,,,hotel,,,POINT (70.1987565 53.0121447)
export.10,10,node/506870997,node/506870997,,,,,,,,,,,,,,,,Самал,,,,,,,,,,,,hotel,,,POINT (70.2011933 53.0123628)
export.11,11,node/506870998,node/506870998,,,,,,,,,,,,,,,,Алмаз,,,,,,,,,,,,hotel,,,POINT (70.2010027 53.0097146)
export.12,12,node/506871119,node/506871119,,,,,,,,,,,,,,,,Жеке-Батыр,,,,,,,,,,,,hotel,,,POINT (70.259535 52.9773498)
export.13,13,node/506871120,node/506871120,,,,,,,,,,,,,,,,Жайлау,,,,,,,,,,,,hotel,,,POINT (70.2557759 52.9695601)
export.14,14,node/506871121,node/506871121,,,,,,,,,,,,,,,,Санаторий Светлый,,,,,,,,,,,,hotel,,,POINT (70.2525138 52.9669066)
export.15,15,node/763002797,node/763002797,,,,,,,,,,,,,,,,Gol. zaliv,,,,,,,,,,GPS,,hotel,,,POINT (70.2553954 53.0931448)
export.16,16,node/763002864,node/763002864,,,,,,,,,,,,,,,,Gloria,,,,,,,,,,,,hotel,,,POINT (70.3045418 53.0823867)
export.17,17,node/763002964,node/763002964,,,,,,,,,,,,,,,,Jumbactas,,,,,,,,,,,,hotel,,,POINT (70.3070375 53.0751427)
export.18,18,node/763003003,node/763003003,,,,,,,,,,,,,,,,Hansaya,,,,,,,,,,,,hotel,,,POINT (70.3063887 53.0789645)
export.19,19,node/763003178,node/763003178,,,,,,,,,,,,,,,,Kokshebel,,,,,,,,,,,,hotel,,,POINT (70.2916933 53.0866095)
export.20,20,node/763003208,node/763003208,,,,,,,,,,,,,,,,Nursat,,,Нурсат,,,,,,,,,hotel,,,POINT (70.3037871 53.0835932)
export.21,21,node/763003222,node/763003222,,,,,,,,,,,,,,,,Bereke,,,,,,,,,,,,hotel,,,POINT (70.3092113 53.0736152)
export.22,22,node/763003450,node/763003450,,,,,,,,,,,,,,,,Abylai,,,,,,,,,,GPS,,hotel,,,POINT (70.2484994 53.0904673)
export.23,23,node/880601656,node/880601656,,,,,,,,,,,,,,,,У Суюндыка,,,,,,,,,,,,guest_house,,,POINT (70.2939987 53.0905359)
export.24,24,node/880601679,node/880601679,,,,,,,,,,,,,wlan,,,В гостях у сказки,,,,,,,,,,,,guest_house,,limited,POINT (70.2951144 53.0919779)
export.25,25,node/915453741,node/915453741,,,,,,,,,,,,,,,,Окжетпес,,,,,,,,,,,,hotel,,,POINT (70.2440655 53.0836518)
export.26,26,node/1391137746,node/1391137746,,,,,,,,,,,,,no,no,,Алем+,,,Алем+,,,,,"+7(71630) 7-15-76,7-15-76, 7-10-01, 7-15-04",,,4,hotel,,,POINT (70.294744 53.0587005)
export.27,27,node/1393480838,node/1393480838,,,,,,,,,,,,,,,,Lafaette,,,,,,,,,,,,hotel,,,POINT (70.2959783 53.0605019)
export.28,28,node/1393487290,node/1393487290,,,,,,,,,,,,,,,,Рахат,,,,,,,,,,,,hotel,,,POINT (70.2964776 53.0588733)
export.29,29,node/4113552138,node/4113552138,,,,,,,,,,,,,,,,Арасан,,,,,,,,,,,,guest_house,https://arhey.kz/,,POINT (70.2993151 53.0858425)
export.30,30,node/4158709489,node/4158709489,,,,,,,,,,,,,,,,АЛТИН КУН,,,,,,,,,,,,hotel,,,POINT (70.3076031 53.0823161)
export.31,31,node/4304847918,node/4304847918,,,,,,,,,baybura@mail.ru,,,,wlan,,,БАЙ-БУРА,,,,,,24/7,,+77163690309,,,,hotel,,,POINT (70.2035653 53.0105311)
export.32,32,node/4331204789,node/4331204789,,,,,,,,,,,,,,,,Усадьба Смотрицких,,,,,,24/7,,,,,,guest_house,https://www.otdihvborovom.kz/,,POINT (70.3123991 53.0814823)
export.33,33,node/4338183692,node/4338183692,,,,,,house,,,,,,,,,,,,,,,,,Марзабай,+7 775 6997442,,,,guest_house,,,POINT (70.3068244 53.0912665)
export.34,34,node/4349018594,node/4349018594,,,,,,,,,,,,,wlan,,,Колибри,,,,,,24/7,,,,,,guest_house,,,POINT (70.3135863 53.0773281)
export.35,35,node/4394767003,node/4394767003,,,,,,,,,,,,,wlan,,,пансионат Жумбактас,,,,,"ТОО ""Пансионат ""Жумбактас""",24/7,,+77163690326,,,,hotel,,,POINT (70.1898327 53.0145981)
export.36,36,node/4706095990,node/4706095990,,,,,,,,,,,,,,,,,,,Дискавери боровое,,,,,,,,,hotel,,,POINT (70.412172 52.9706938)
export.37,37,node/4984277197,node/4984277197,,,,,,,,,,,,,,,,Береке,,,,,,,,,,,,hotel,,,POINT (70.1786256 52.9235906)
export.38,38,node/4992286799,node/4992286799,,,,,,,,,,,,,,,,ДО Континент,,,,,,,,,,,,hotel,,,POINT (70.409435 52.9542939)
export.39,39,node/4992296973,node/4992296973,,,,,,,,,,,,,,,,Лесная сказка гостиница,,,,,,,,,,,,hotel,,,POINT (70.3818244 52.9532791)
export.40,40,node/4992297118,node/4992297118,,,,,,,,,,,,,,,,Санаторий Приозерный,,,,,,,,,,,,hotel,,,POINT (70.395112 52.9492229)
export.41,41,node/6110978487,node/6110978487,,,,,,,,,,,,,,,,,,,домик в лесу Боровое,,,,,,,,,guest_house,,,POINT (70.1971325 53.0125719)
export.42,42,node/7765575585,node/7765575585,,18а,Набережная улица,,,,,,,,,,wlan,,,,Terrassa park hotel,,Террасса парк,,,24/7,,+77073707000,,,,hotel,,,POINT (70.2986544 53.0955635)
export.43,43,node/8879765317,node/8879765317,,,,,,,,,,,,,wlan,,,,Tumar Halal,,Тумар Халал,,,24/7,,+7 701 724 2242,,,,hotel,,,POINT (70.1984319 53.0141517)
export.44,44,node/10540811639,node/10540811639,,,,,,,,,,,,,,,,Апарт-отель Lake View,,,,,,,,,,,,hotel,,,POINT (70.31729 53.0937647)
export.45,45,node/10591082976,node/10591082976,,,,,,,,,,,,,,,,Джумбактас,,,,,,,,,,,,hotel,,,POINT (70.2970354 53.0881745)
export.46,46,node/10765318869,node/10765318869,,,,,,,,,,,,,,,,Теремок,,,,,,,,,,,,guest_house,,,POINT (70.3145908 53.0907688)
export.47,47,node/10765318871,node/10765318871,,,,,,,,,,,,,,,,Арна,,,,,,,,,,,,guest_house,,,POINT (70.3151165 53.0904483)
export.48,48,node/12780249531,node/12780249531,,,,,,,,,,,,,,,,,Forest Camp Hotel,,,,,,,,,,,hotel,,,POINT (70.2484455 52.9754912)
