Title,URL
Homepage,https://www.hopkinsusfhp.org/
Contact,https://www.hopkinsusfhp.org/contact/
"I&#8217;m Looking for a Plan",https://www.hopkinsusfhp.org/plan/
Discounts,https://www.hopkinsusfhp.org/plan/benefits-costs/discounts/
"Pharmacies & Medications",https://www.hopkinsusfhp.org/plan/benefits-costs/pharmacies-medications/
Coverage,https://www.hopkinsusfhp.org/plan/coverage/
"Service Area",https://www.hopkinsusfhp.org/plan/coverage/service-area/
"Provider Network",https://www.hopkinsusfhp.org/plan/coverage/provider-network/
"Health & Wellness",https://www.hopkinsusfhp.org/plan/wellness/
"Prepare to Enroll",https://www.hopkinsusfhp.org/prepare/
"Find a Representative",https://www.hopkinsusfhp.org/prepare/find-a-representative/
"Attend a Q&A",https://www.hopkinsusfhp.org/prepare/attend-a-qa/
"Why Johns Hopkins",https://www.hopkinsusfhp.org/why/
"Quality Improvement",https://www.hopkinsusfhp.org/why/quality-improvement/
"Member Satisfaction",https://www.hopkinsusfhp.org/why/member-satisfaction/
"Military Legacy",https://www.hopkinsusfhp.org/why/military-legacy/
"I&#8217;m a Member",https://www.hopkinsusfhp.org/members/
Sitemap,https://www.hopkinsusfhp.org/sitemap/
"Privacy & Confidentiality",https://www.hopkinsusfhp.org/privacy-confidentiality/
"Enroll Now",https://www.hopkinsusfhp.org/enroll-now/
"Health & Wellness",https://www.hopkinsusfhp.org/health-and-wellness/
"Plan Documents",https://www.hopkinsusfhp.org/members/plan-documents/
News,https://www.hopkinsusfhp.org/members/news/
"Johns Hopkins USFHP Health Education",https://www.hopkinsusfhp.org/health-and-wellness/health-education/
"Pregnancy Support",https://www.hopkinsusfhp.org/health-and-wellness/pregnancy-support/
Pharmacy,https://www.hopkinsusfhp.org/members/my-benefits/pharmacy/
"A Chubby Baby is Not a Sign of Future Obesity",https://www.hopkinsusfhp.org/chubby-baby-not-sign-obesity/
"Open Season",https://www.hopkinsusfhp.org/openseasonfaq/
Thanks!,https://www.hopkinsusfhp.org/email-signup-thanks/
"Turning 65",https://www.hopkinsusfhp.org/members/my-benefits/turning-65/
"Frequently Asked Questions",https://www.hopkinsusfhp.org/prepare/faqs/
"Dental, Vision & Discounted Services",https://www.hopkinsusfhp.org/members/my-benefits/dental-vision-and-discounted-services/
"How to Use Our Provider Search Tool",https://www.hopkinsusfhp.org/members/how-to-use-our-provider-search-tool/
"Care Management",https://www.hopkinsusfhp.org/health-and-wellness/care-management/
"Transition of Care",https://www.hopkinsusfhp.org/health-and-wellness/transition-of-care/
"Nurse Chat",https://www.hopkinsusfhp.org/health-and-wellness/nurse-chat/
Medications,https://www.hopkinsusfhp.org/members/my-benefits/medications/
"Find Your Nearest Pharmacy",https://www.hopkinsusfhp.org/members/my-benefits/find-your-nearest-pharmacy/
Vaccines,https://www.hopkinsusfhp.org/members/my-benefits/vaccines/
"Coronavirus (COVID-19) Information",https://www.hopkinsusfhp.org/coronavirus-covid-19/
"New Member Information",https://www.hopkinsusfhp.org/members/new-member-information/
"HealthLINK Frequently Asked Questions",https://www.hopkinsusfhp.org/members/healthlink-faqs/
"Information Kit",https://www.hopkinsusfhp.org/information-kit/
"Learn More &#8211; Richmond",https://www.hopkinsusfhp.org/learn-more-os-11/
"Health Care Fraud",https://www.hopkinsusfhp.org/health-care-fraud/
"Find a Doctor or Facility",https://www.hopkinsusfhp.org/members/my-benefits/find-a-doctor-or-facility/
"Mental Health",https://www.hopkinsusfhp.org/health-and-wellness/mental-health/
"Preventive Health Guide",https://www.hopkinsusfhp.org/health-and-wellness/preventive-health-guide/
"Breast Pumps and Supplies Frequently Asked Questions",https://www.hopkinsusfhp.org/health-and-wellness/pregnancy-support/breast-pumps-faq/
"Gun Violence is an Ongoing Health Issue",https://www.hopkinsusfhp.org/health-and-wellness/mental-health/gun-violence/
"Virtual Care Services",https://www.hopkinsusfhp.org/virtual-care-services/
"Privacy Statement",https://www.hopkinsusfhp.org/privacy-statement/
"Learn More",https://www.hopkinsusfhp.org/learn-more-wah/
"My Benefits",https://www.hopkinsusfhp.org/members/my-benefits/
"Benefits & Costs",https://www.hopkinsusfhp.org/plan/benefits-costs/
"Pay My Premium",https://www.hopkinsusfhp.org/pay-my-premium/
"Attend a Q&A",https://www.hopkinsusfhp.org/learn-more-event/
"Learn More &#8211; Richmond",https://www.hopkinsusfhp.org/learn-more-os-10/
"Learn More &#8211; General",https://www.hopkinsusfhp.org/learn-more-os-1/
"Learn More &#8211; General",https://www.hopkinsusfhp.org/learn-more-os-7/
"Learn More &#8211; NOVA",https://www.hopkinsusfhp.org/learn-more-os-2/
"Learn More &#8211; SOVA",https://www.hopkinsusfhp.org/learn-more-os-3/
"Learn More &#8211; NOVA",https://www.hopkinsusfhp.org/learn-more-8/
"Learn More &#8211; NOVA",https://www.hopkinsusfhp.org/learn-more-os-8/
"Learn More &#8211; SOVA",https://www.hopkinsusfhp.org/learn-more-os-9/
"Learn More &#8211; Richmond &#8211; Banner",https://www.hopkinsusfhp.org/rich-banner/
"Learn More &#8211; General Brochure",https://www.hopkinsusfhp.org/learn-more-general-brochure/
"Newly Eligible",https://www.hopkinsusfhp.org/learn-more-4/
"Newly Eligible Northern VA",https://www.hopkinsusfhp.org/learn-more-5/
"Newly Eligible Hampton Roads",https://www.hopkinsusfhp.org/learn-more-6/
"Newly Eligible Greater Richmond",https://www.hopkinsusfhp.org/learn-more-12/
"FSR Landing Page",https://www.hopkinsusfhp.org/fsr-page-test/
"Member Testimonial",https://www.hopkinsusfhp.org/bills-story/
"Request a call",https://www.hopkinsusfhp.org/request-a-call/
"FSR Landing Page",https://www.hopkinsusfhp.org/fsr-marty/
"FSR &#8211; Carly",https://www.hopkinsusfhp.org/fsr-carly/
"FSR &#8211; Rebecca",https://www.hopkinsusfhp.org/fsr-rebecca/
"FSR &#8211; Phylis",https://www.hopkinsusfhp.org/fsr-phyllis/
"FSR &#8211; Kelly",https://www.hopkinsusfhp.org/fsr-kelly/
"FSR &#8211; Lindsy",https://www.hopkinsusfhp.org/fsr-lindsy/
"FSR &#8211; Larry",https://www.hopkinsusfhp.org/fsr-larry/
"FSR &#8211; Kim",https://www.hopkinsusfhp.org/fsr-kim/
"Request a Call Confirmation",https://www.hopkinsusfhp.org/request-confirmation/
"Learn More &#8211; Navy Athletics",https://www.hopkinsusfhp.org/learn-more-navy/
"Attend a Q&A &#8211; Navy Athletics",https://www.hopkinsusfhp.org/attend-a-qa-navy/
"For Providers",https://www.hopkinsusfhp.org/for-providers/
"Johns Hopkins US Family Health Plan",https://www.hopkinsusfhp.org/learn-more-kit/
"Navy Test",https://www.hopkinsusfhp.org/navy-suite/
Testimonials,https://www.hopkinsusfhp.org/testimonials/
