Fleet, Refrigerated Trucks and Lift Gate Maintenance Services,,,,,,,,
CompanyName,ContactName,Address,City,State,PostalCode,Email,Phone,LastNotified,TimesNotified
2ND-TO-NONE-SERVICE,Kyle Williamson,5010 JEFFERSON ST. NE ,Albquerque,NM,87109,fleet-2ndtononeservice@outlook.com,5058888818,,0
2ND-TO-NONE-SERVICE,Lynnetta Rogers,5010 JEFFERSON ST. NE ,Albquerque,NM,87109,fleet-2ndtononeservice@outlook.com,5058888818,,0
Albuquerque Truck Equipment  Inc.,Gus Capels,7920 Ranchitos Loop N.E. ,Albuquerque,NM,87113,ramonaate@aol.com,5058988895,,0
Albuquerque Utility Equipment  Inc,Jeffrey Velasquez,611 Wyoming SE ,Albuquerque,NM,87123,bgonzales_abqutil@yahoo.com,5052655796,,0
APIC Solutions,Chris Martinez,5550 Midway Park Place NE ,ALBUQUERQUE,NM,87109,cmartinez@apicnm.com,15053451381,,0
APIC Solutions,Chris Martinez,5550 Midway Park Place NE ,ALBUQUERQUE,NM,87109,cmartinez@apicnm.com,15053451381,,0
AR Mechanical LLC,Anthony Rivera,231 General Chennault St. NE ,Albuquerque (Bernalillo),NM,87123,armechanical4@gmail.com,15052250669,,0
AR Mechanical LLC,Tamescia Rivera,231 General Chennault St. NE ,Albuquerque (Bernalillo),NM,87123,trivera.armechanical4@gmail.com,15059085011,,0
Brothers and Sons Trees,ADAN VASQUEZ,6113 SAINT JOSEPH CT NW ,ALB,NM,87120,avasquez6000@comcast.net,(505) 720-3957,,0
Brothers and Sons Trees,DIANA VASQUEZ,6113 SAINT JOSEPH CT NW ,ALB,NM,87120,avtrees5@gmail.com,15057203958,,0
Buck‘s Wheel & Equipment Co,Darren Brawner,5101 NORTH MAIN STREET ,FORT WORTH,TX,76179,darren@buckswheel.com,18173321228,,0
Buck‘s Wheel & Equipment Co,Darren Brawner,5101 NORTH MAIN STREET ,FORT WORTH,TX,76179,darren@buckswheel.com,18173321228,,0
BUDGET TRANSMISSION MASTERS,Dennis Rogers,725 Wyoming Blvd N.E. ,Albuquerque,NM,87123,budgettm@gmail.com,5052558601,,0
BUDGET TRANSMISSION MASTERS,Robert Franklin,725 Wyoming Blvd N.E. ,Albuquerque,NM,87123,budgettm@gmail.com,5052558601,,0
CAC  Inc.,Kevin Murray,610 Industrial Ave NE ,Albuquerque,NM,87107,kevinm@cacinc.net,5053436100,,0
Cano's Electrical Services LLC,Aron Cano Mendoza,9605 WEEMS AVE SW ,Albuquerque,NM,87121,canos58@yahoo.com,15052899020,,0
Clark Truck Equipment Co.,Chuck Clark,501 Industrial NE ,Albuquerque,NM,87107,kevin@cte-nm.com,5058808222,,0
Clark Truck Equipment Co.,Don Clark,501 Industrial NE ,Albuquerque,NM,87107,don@cte-nm.com,5058808222,,0
CMX Services LLC,Merica Busch,506 Who Who Drive  ,Carlsbad ,NM,88220,merica@cmxservices.com,18002582324,,0
Cooperative Educational Services,Jim Barentine,10601 Research Rd SE ,Albuquerque,NM,87123,jim@ces.org,15756465965,,0
Cooperative Educational Services,Jim Barentine,10601 Research Rd SE ,Albuquerque,NM,87123,jim@ces.org,15756465965,,0
Crispy Clean Mobile Carwash,Ivan Nicks,3011 Jane Place Ne #230 ,Albuquerque,NM,87111,ladre913@gmail.com,5058042222,,0
Crispy Clean Mobile Carwash,Margarita Pleasant,3011 Jane Place Ne #230 ,Albuquerque,NM,87111,pleasantmargarita@gmail.com,5054632479,,0
Cummins Inc,Cummins Bidteam,1921 Broadway Blvd NE ,Albuquerque,NM,87102,cssnabids@cummins.com,(800) 286-6467,,0
Cummins Inc,Melilssa Plebani,1921 Broadway Blvd NE ,Albuquerque,NM,87102,melissa.plebani@cummins.com,5052700321,,0
Del Sol Automotive Group LLC,Jeff Dobrian,7301 central ave NE ,Albuquerque,NM,87108,delsolautomotivegroup@gmail.com,5053562020,,0
Del Sol Automotive Group LLC,Richard Stover,7301 central ave NE ,Albuquerque,NM,87108,Richardstovermarch13@gmail.com,5053108568,,0
Desert Greens Equipment  Inc.,Adam Cherry,4850 Pan American Frwy NE ,Albuquerque,NM,87109,adam@desertgreensequipment.com,5058220311,,0
Duke City Heating and Cooling,Paul Franco,8300 Broadway ,Albuquerque,NM,87105,dukecityhvac@gmail.com,15054529972,,0
EM Enterprises,Henry Escalante,2116 Torrent Dr NW ,Albuquerque ,NM,87120,henryem@ementerprises.work,15053575775,,0
Gear One Enterprise,Jim Flanders,1031Calle Recodo  Suite A ,San Clemente,CA,92673,jim@gearonecom.com,9492767946,,0
Gear One Enterprise,Jim Flanders,1031Calle Recodo  Suite A ,San Clemente,CA,92673,jim@gearonecom.com,9493885785,,0
GNR Supply  Inc. / DBA: NAPA AUTO PARTS,Galen Holwell,201 S. Frazier St ,Conroe,TX,77301,galen@gnrsupply.com,19367565551,,0
GNR Supply  Inc. / DBA: NAPA AUTO PARTS,Galen Holwell,201 S. Frazier St ,Conroe,TX,77301,galen@gnrsupply.com,13034720230,,0
Gulf Atlantic Pump & Dredge  LLC,Brian Carter,3700 NW 91st ST Suite D400 ,Gainesville,FL,32606,bphillipcarter@gmail.com,3522158760,,0
Horizon Auto Glass & Tint,Laura Williams,8201 Menaul Blvd NE ,Albuquerque,NM,87110,laura@horizonabq.com,5058979000,,0
Horizon Auto Glass & Tint,Rod Williams,8201 Menaul Blvd NE ,Albuquerque,NM,87110,rod@horizonabq.com,5058979000,,0
IMSCO DIV.OF PURVIS INDUSTRIES,Jason  Hicks,5830 Midway Park N.E. ,Albuquerque,NM,87109,jason.hicks@purvisindustries.com,5053448024,,0
IMSCO DIV.OF PURVIS INDUSTRIES,Lary Sedillo,5830 Midway Park N.E. ,Albuquerque,NM,87109,lsedillo@theminesupplyco.com,5053448024,,0
Independent Radiator Service Corp,Mike Wickham,1701 Aspen Ave NW Unit W,Albuquerque,NM,87104,mike@independentradiator.com,5052474222,,0
Inland Kenworth US Inc,Allen Welch,7711 Fortuna Road NW ,Albuquerque,NM,87121,awelch@inland-group.com,5058840300,,0
Inland Kenworth US Inc,Don Balestrieri,7711 Fortuna Road NW ,Albuquerque,NM,87121,dbalestrieri@inland-group.com,5058840300,,0
Inland Kenworth US  Inc.,Mike Schreiber,7711 Fortuna Rd. NW ,Albuquerque,NM,87121,mikes@inland-group.com,5058840300,,0
Interstate All Battery Center,Trevor Westerfeld,10701 Corrales Road NW  ,Albuquerque,NM,87114,abc7144@ibsa.com,5058979500,,0
Interstate All Battery Center,Trevor Westerfield,10701 Corrales Road NW  ,Albuquerque,NM,87114,abc7144@ibsa.com,5058979500,,0
Iron Core Electric,Briana Sais,2148 Judy Rd SW ,Albuquerque,NM,87105,bsais.ironcore@gmail.com,15057129042,,0
Iron Core Electric,Briana Sais,2148 Judy Rd SW ,Albuquerque,NM,87105,bsais.ironcore@gmail.com,15057129042,,0
Irvin's Diesel Medics llc,Irvin Chavez,4516 2nd st nw suite c ,albuquerque,NM,87107,irvinsdieselmedics@yahoo.com,15055630407,,0
JB Henderson Construction Company I,Melissa Gomez,501 Eubank Blvd. SE ,Albuquerque,NM,87123,mgomez@jbhenderson.com,15052928955,,0
JB Henderson Construction Company I,Melissa Gomez,501 Eubank Blvd. SE ,Albuquerque,NM,87123,mgomez@jbhenderson.com,15059750775,,0
JLC Professional Plumbing & Heating LLC,Cassandra  Otero ,1404 Sigma Chi Road NE ,Albuquerque,NM,87106,jlc_plumbing@icloud.com,5059910438,,0
JLC Professional Plumbing & Heating LLC,Cassandra Otero,1404 Sigma Chi Road NE ,Albuquerque,NM,87106,jlc_plumbing@icloud.com,5059910438,,0
M&M Industries  Inc.,Edward Mclain  Jr.,PO Box 90473 ,Albuquerque,NM,87199,mmhydraulicsorg@yahoo.com,5058904029,,0
McBrides  Inc,Warren Wild,1010 2nd St.  NW ,Albuquerque,NM,87102,mcbridesinc@gmail.com,15052422174,,0
McBrides  Inc,Warren Wild,1010 2nd St.  NW ,Albuquerque,NM,87102,wwild.mcbridesinc@gmail.com,15052422174,,0
Mesa Equipment & Supply Co.,Alan Willey,7100 2nd Street NW ,Albuquerque,NM,87107,awilley@mesaequipment.com,5053450284,,0
Mesa Equipment & Supply Co.,Wayne Bishop,7100 2nd Street NW ,Albuquerque,NM,87107,wbishop@mesaequipment.com,5053450284,,0
Monmouth Solutions  Inc,Anthony Farelli,93 Butman rd ,Lowell,MA,1852,anthony@monmouthsolutions.com,19787353968,,0
Monmouth Solutions  Inc,John Mercuri,93 Butman rd ,Lowell,MA,1852,jj@monmouthsolutions.com,19787353855,,0
Motion and Flow Control Products inc.,Amanda  Hurley ,2420 Midtown Plaza ,Albuquerque,NM,87107,ahurley@mfcpinc.com,3037626507,,0
Motion and Flow Control Products inc.,Amanda Hurley,2420 Midtown Plaza ,Albuquerque,NM,87107,ahurley@mfcpinc.com,3037626507,,0
National Science Teachers Association,Kim Stilwell,1840 Wilson Blvd ,Arlington,VA,22201,kstilwell@nsta.org,19167998703,,0
National Science Teachers Association,Rick Bounds,1840 Wilson Blvd ,Arlington,VA,22201,rbounds@nsta.org,14438648150,,0
NIS Consulting,Micahel Smith,4900 SW Griffith Drive Suite #250,Beaverton,OR,97005,mike.smith@nis.consulting,15032468585,,0
NIS Consulting,Michael Jurica,4900 SW Griffith Drive Suite #250,Beaverton,OR,97005,michael.jurica@nis.consulting,19712569890,,0
Noble Mechanical  LLC,MICHAEL CASTILLO,921 hwy 313 ,Bernalillo ,NM,87004,noblemechanicalnm@gmail.com,15055452076,,0
One Community Auto  LLC,Gary Peterson,300 Wyoming Blvd SE ,Albuquerque,NM,87123,gary@onecommunityauto.com,5053793432,,0
Perfection Heating  Cooling and Plumbing,Manuel Heredia,1013 Maverick Lane SE  ,Albuquerque ,NM,87123,perfectionabq@yahoo.com,15055590912,,0
Power Ford,Terri Byrd,1101 Montano Rd NE ,Albuquerque,NM,87107,tbyrd@powerfordnm.com,5052754587,,0
Raptors Wild Inc.,Gregory Rabourn,508 N Oliver Drive ,Aztec,NM,87410,raptorswild@gmail.com,5052397329,,0
Raptors Wild Inc.,Mike Fauteaux,508 N Oliver Drive ,Aztec,NM,87410,raptorswild@gmail.com,5057936120,,0
RICH FORD SALES INC,John Costen,8601 LOMAS BLVD NE ,ALBUQUERQUE,NM,87112,jcosten@rich-ford.com,5052754518,,0
Roadrunner Equipment Service Co.  Inc.,Christian Koenig,3 Altura Drive ,Santa Fe,NM,87508,ckoenig@roadrunnerequipmentservice.net,5056996870,,0
Route 66 Radio Communications,David Clifford,1213 San Pedro Dr.  NE ,Albuquerque,NM,87110,route66radiocomm@gmail.com,5054406257,,0
Route 66 Radio Communications,Rosalie  Clifford,1213 San Pedro Dr.  NE ,Albuquerque,NM,87110,rcliff47@gmail.com,5054406257,,0
RUSH TRUCK CENTER  ALBUQUERQUE,Abrahan Villegas,6521 Hanover Rd ,Albuquerque ,NM,87121,villegasa1@rushenterprises.com,5058393631,,0
RUSH TRUCK CENTER  ALBUQUERQUE,Kevin Walker,6521 Hanover Rd ,Albuquerque ,NM,87121,WalkerK@RushEnterprises.com,5058396120,,0
Servpro of NE Albuquerque,Kenneth Hogrefe,8421 Quincy NE ,Albuquerque,NM,87110,khogrefe@sponm.com,5058283567,,0
Simpson Norton Corporation,Shelly Spencer,4144 S. Bullard Avenue ,Goodyear,AZ,85338,shelly.spencer@simpsonnorton.com,18778598676,,0
Steamatic of Albuquerque & Santa Fe,Amy Townsley,8508 Paseo Alameda NE ,Albuquerque,NM,87113,amy@steamaticnm.com,15058837766,,0
Steamatic of Albuquerque & Santa Fe,Amy Townsley,8508 Paseo Alameda NE ,Albuquerque,NM,87113,amy@steamaticnm.com,15052508955,,0
Steamatic of Albuquerque & Santa Fe,Karen Wine,8508 Paseo Alameda NE ,Albuquerque,NM,87113,karen@steamaticnm.com,5058837766,,0
Summit Truck Group,Brian Foster,1623 Aspen Ave. NW ,Albuquerque,NM,87104,brian.foster@summittruckgroup.com,5052437883,,0
Summit Truck Group,Rory Michie,1623 Aspen Ave. NW ,Albuquerque,NM,87104,rory.michie@summittruckgroup.com,5052437883,,0
Sun State Mechanical  Inc.,Jessica Gilpin,174 SANDIA RD NW ,ALBUQUERQUE,NM,87107,jessica@sun-state.com,5053453409,,0
The Garage,Mike Cho,6441 Western Trail NW ,Albuquerque,NM,87120,mike@thegaragenm.com,5053525152,,0
Thermal Protection Services,Jerry Farrar,3110 Indian Avenue Unit D,Perris,CA,92571,jfarrar@thermalprotectionservices.com,8334333473,,0
Thermal Protection Services,Matt Szymanski,3110 Indian Avenue Unit D,Perris,CA,92571,matts@thermalprotectionservices.com,8334333473,,0
TOURBILLON ENTERPRISES LLC,Jason Hsiao,9038 Garvey Avenue 102,Rosemead,CA,91770,jason.hsiao@batteriesplus.com,16266578927,,0
TOURBILLON ENTERPRISES LLC,Yoonie Bae,9038 Garvey Avenue 102,Rosemead,CA,91770,yoonie.bae@batteriesplus.com,(626) 872-6548,,0
TP Pump,Megan Roensch,1824 2nd St NW ,ALBUQUERQUE,NM,87102,megan@tppump.com,5052474036,,0
TP Pump,Simon Law,1824 2nd St NW ,ALBUQUERQUE,NM,87102,simon@tppump.com,5052474036,,0
U.S. Electrical Corporation,Brock Darnell,301 California Street S.E. ,Albuquerque,NM,87108,brockd@uselectricalcorp.com,15052601000,,0
U.S. Electrical Corporation,Judy Turrieta,301 California Street S.E. ,Albuquerque,NM,87108,judyt@uselectricalcorp.com,15052601000,,0
Ultimate Car and Truck Accessories,Jessica Raju,4016 MENAUL BLVD NE ,Albuquerque,NM,87110,jraju.ucta@gmail.com,5052941209,,0
Valvoline Instant Oil Change,Megan Malear,100 Valvoline Way ,Lexington,KY,40509,fleetservices@valvoline.com,18593577263,,0
Wayne Automotive llc,Eddie Crespin,1191 E Newport Center Dr suite 103 ,Deerfield Beach,FL,33442,ecrespin@goldexport.net,5052201846,,0
WESCO Energy Solutions,Alexa Alvarez,225 West Station Square Drive ,Pittsburgh,PA,15219,aalvarez@wesco.com,15054102276,,0
WW Unitran  Inc,Ed White,2118 CLAREMONT AVE NE ,ALBUQUERQUE,NM,87107,unitedtran@aol.com,(505) 888-1717,,0
WW Unitran  Inc,Jim Whenry,2118 CLAREMONT AVE NE ,ALBUQUERQUE,NM,87107,unitedtran@aol.com,15058881717,,0
