First Name,Last Name ,Date of birth,Email Address
Karen,Perez,6/14/1975,KarenWhite@hotmail.com
Daniel,Thomas,3/12/1975,DanielRodriguez@gmail.com
Paul,Williams,10/19/1975,PaulHill@hotmail.com
James,Anderson,1/23/1985,JamesSmith@gmail.com
Christopher,Smith,14/3/1981,ChristopherAnderson@gmail.com
Ronald,Jackson,3/4/1985,RonaldClark@gmail.com
Mary,Perez,4/5/1981,MaryWright@gmail.com
Lisa,Mitchell,6/25/1981,LisaMitchell@gmail.com
Michelle,Johnson,6/7/1981,MichelleJohnson@gmail.com
John,Thomas,1/14/1982,JohnThomas@gmail.com
Brian,King,2/2/1968,BrianKing@facebook.com
Anthony,Lopez,9/10/1981,AnthonyLopez@gmail.com
Patricia,Wright,1/10/1975,PatriciaPerez@gmail.com
Nancy,Hill,2/20/1975,NancyWilliams@hotmail.com
Laura,Clark,8/9/1981,LauraJackson@hotmail.com
Robert,Lewis,4/13/1975,RobertLewis@hotmail.com
Dorothy,Carter,2/3/1968,DorothyCarter@facebook.com
Kevin,Roberts,8/17/1975,KevinRoberts@hotmail.com
Linda,Jones,7/24/1975,LindaJones@hotmail.com
Sharon,Collins,2/4/1968,SharonCollins@facebook.com
Sarah,Lee,9/18/1985,SarahLee@hotmail.com
Michael,Scott,5/14/1979,MichaelScott@hotmail.com
Mark,Turner,1/26/1993,MarkTurner@hotmail.com
Jason,Brown,2/21/1996,JasonBrown@aol.com
Barbara,Harris,3/22/1991,BarbaraHarris@aol.com
Betty,Walker,4/23/1991,BettyWalker@aol.com
Kimberly,Green,5/24/1991,KimberlyGreen@aol.com
William,Phillips,6/25/1991,WilliamPhillips@aol.com
Donald,Davis,7/17/1991,DonaldDavis@aol.com
Jeff,Martin,8/27/1991,JeffMartin@aol.com
Elizabeth,Hall,9/28/1991,ElizabethHall@aol.com
Helen,Adams,10/29/1991,HelenAdams@aol.com
Deborah,Campbell,11/30/1991,DeborahCampbell@aol.com
David,Miller,12/31/1991,DavidMiller@yahoo.com
George,Thompson,1/17/1968,GeorgeThompson@yahoo.com
Jennifer,Allen,2/18/1968,JenniferAllen@yahoo.com
Sandra,Baker,3/19/1968,SandraBaker@yahoo.com
Richard,Parker,4/20/1968,RichardParker@yahoo.com
Kenneth,Wilson,5/21/1968,KennethWilson@yahoo.com
Maria,Garcia,6/22/1968,MariaGarcia@yahoo.com
Donna,Young,7/23/1968,DonnaYoung@yahoo.com
Charles,Gonzalez,8/24/1968,CharlesGonzalez@yahoo.com
Steven,Evans,9/25/1968,StevenEvans@yahoo.com
Susan,Moore,10/26/1968,SusanMoore@yahoo.com
Carol,Martinez,11/27/1968,CarolMartinez@facebook.com
Joseph,Hernandez,12/28/1968,JosephHernandez@facebook.com
Edward,Nelson,1/29/1968,EdwardNelson@facebook.com
Margaret,Edwards,1/30/1968,MargaretEdwards@facebook.com
Ruth,Taylor,1/31/1968,RuthTaylor@facebook.com
Thomas,Robinson,2/1/1968,ThomasRobinson@facebook.com