id,name,email,password,role,groups
User1,,,password,User,
User10,,,password,User,
User11,,,password,User,
User12,,,password,User,
User13,,,password,User,
User14,,,password,User,
User15,,,password,User,
User16,,,password,User,
User17,,,password,User,
User18,,,password,User,
User19,,,password,User,
User2,,,password,User,
User20,,,password,User,
User21,,,password,User,
User22,,,password,User,
User3,,,password,User,
User4,,,password,User,
User5,,,password,User,
User6,,,password,User,
User7,,,password,User,
User8,,,password,User,
User9,,,password,User,
